Station,Year,Predicted_P90,Lat_DD,Long_DD
EA001.00,2023,4.3,44.38102,-68.819
EA003.50,2023,4.2,44.39975,-68.78742
EA005.00,2023,3.5,44.40432,-68.77372
EA006.00,2023,11.5,44.42723,-68.76133
EA007.00,2023,3.5,44.43439,-68.74319
EA009.00,2023,10.3,44.45716,-68.7261
EA011.00,2023,8.8,44.46635,-68.73827
EA012.00,2023,18.1,44.46831,-68.72565
EA013.00,2023,14.8,44.46509,-68.7198
EA014.00,2023,21.3,44.46276,-68.70902
EA014.90,2023,14.4,44.45429,-68.70865
EA015.00,2023,32.1,44.45335,-68.7059
EA015.50,2023,12.6,44.4504,-68.71303
EA017.00,2023,4.4,44.43913,-68.72585
EA019.00,2023,10.0,44.39861,-68.70459
EA019.10,2023,9.6,44.39571,-68.70422
EA019.20,2023,24.4,44.39496,-68.68445
EA019.23,2023,22.1,44.39402,-68.68329
EA019.27,2023,14.4,44.39183,-68.68483
EA019.38,2023,14.1,44.38422,-68.67565
EA019.39,2023,18.1,44.38414,-68.67237
EA019.42,2023,18.6,44.3814,-68.67388
EA021.00,2023,7.1,44.41073,-68.7417
EA023.00,2023,16.2,44.40209,-68.76265
EA024.00,2023,13.1,44.38972,-68.77994
EA026.00,2023,6.8,44.372,-68.76232
EA028.00,2023,6.5,44.35819,-68.76603
EA029.00,2023,5.0,44.37066,-68.78504
EA031.00,2023,6.2,44.37041,-68.78777
EB001.00,2023,18.6,44.31098,-68.80242
EB002.00,2023,8.5,44.32037,-68.78891
EB003.00,2023,13.2,44.32615,-68.77225
EB004.00,2023,11.1,44.34989,-68.74952
EB004.50,2023,6.5,44.3328,-68.74487
EB010.00,2023,13.7,44.314,-68.70818
EB013.00,2023,15.7,44.29742,-68.67437
EB014.50,2023,8.0,44.28594,-68.63112
EB015.00,2023,6.7,44.29533,-68.62935
EB015.80,2023,14.9,44.30333,-68.61375
EB016.50,2023,10.1,44.29502,-68.61931
EB018.50,2023,8.6,44.26346,-68.58779
EB019.00,2023,3.0,44.26276,-68.58038
EB020.00,2023,18.0,44.24937,-68.56398
EB022.00,2023,7.9,44.2288,-68.53445
EC001.00,2023,7.8,44.28997,-68.69125
EC004.00,2023,19.9,44.2808,-68.71861
EC005.00,2023,10.3,44.28938,-68.72525
EC006.10,2023,5.0,44.3068,-68.73078
EC007.00,2023,16.6,44.27725,-68.67887
EC009.00,2023,31.6,44.23612,-68.62642
EC010.00,2023,37.0,44.21549,-68.64676
EC012.00,2023,16.0,44.19927,-68.57091
EC014.00,2023,8.5,44.18864,-68.58031
EC016.00,2023,19.0,44.21163,-68.626
EC017.00,2023,12.0,44.21861,-68.65034
EC017.50,2023,18.5,44.21619,-68.6576
EC017.70,2023,9.2,44.21366,-68.66825
EC018.00,2023,20.1,44.20834,-68.68152
EC019.00,2023,18.8,44.1977,-68.66327
EC020.00,2023,25.3,44.18894,-68.65985
EC021.00,2023,8.9,44.18082,-68.6278
EC022.00,2023,7.5,44.1743,-68.64267
EC022.30,2023,24.9,44.17655,-68.65113
EC023.50,2023,5.4,44.15891,-68.64137
EC026.20,2023,11.6,44.15125,-68.68209
EC026.70,2023,17.8,44.15462,-68.69099
EC026.90,2023,14.1,44.16249,-68.69836
EC027.00,2023,23.4,44.16364,-68.69364
EC027.80,2023,22.7,44.17987,-68.69975
EC028.00,2023,26.9,44.18381,-68.69764
EC031.00,2023,9.3,44.21288,-68.71751
EC033.00,2023,14.0,44.22401,-68.68117
ED001.50,2023,3.1,44.02873,-68.64972
ED003.70,2023,2.9,44.07367,-68.63978
ED005.10,2023,6.0,44.07623,-68.60235
EE001.00,2023,16.9,44.16284,-68.4402
EE002.00,2023,12.2,44.17334,-68.42182
EE003.00,2023,4.1,44.18212,-68.4229
EE006.80,2023,8.2,44.14161,-68.44166
EE007.00,2023,41.5,44.14271,-68.43667
EE008.00,2023,16.7,44.15196,-68.44282
EE009.30,2023,11.3,44.15268,-68.44955
EE009.50,2023,6.7,44.14449,-68.4489
EE009.70,2023,14.9,44.13868,-68.45006
EE010.00,2023,7.1,44.15069,-68.45267
EE011.00,2023,25.7,44.16028,-68.45641
EE011.30,2023,19.7,44.16021,-68.46091
EE011.40,2023,20.2,44.16115,-68.46339
EE013.00,2023,11.6,44.16128,-68.4743
EE016.50,2023,3.6,44.17658,-68.4477
EE019.00,2023,4.7,44.11926,-68.36457
EF001.90,2023,22.5,44.2731,-68.5568
EF002.00,2023,91.8,44.27648,-68.55488
EF002.50,2023,5.5,44.26163,-68.5286
EF004.00,2023,24.8,44.27898,-68.52868
EF004.10,2023,8.9,44.28179,-68.5299
EF005.00,2023,15.2,44.29124,-68.54503
EF006.00,2023,14.6,44.30971,-68.56411
EF008.00,2023,12.1,44.3536,-68.54649
EF009.30,2023,11.4,44.35586,-68.56688
EF010.00,2023,12.4,44.33438,-68.58826
EF010.50,2023,18.4,44.34427,-68.58333
EF011.00,2023,18.3,44.35451,-68.5822
EF011.30,2023,16.7,44.35363,-68.57805
EF013.00,2023,4.6,44.37789,-68.56163
EF014.00,2023,12.6,44.38499,-68.56658
EF015.00,2023,15.2,44.39276,-68.56696
EF016.50,2023,14.0,44.40345,-68.56453
EF017.80,2023,8.5,44.40885,-68.57438
EF018.00,2023,36.3,44.4136,-68.57272
EF019.00,2023,12.9,44.40367,-68.55324
EF020.00,2023,5.4,44.3994,-68.52788
EF020.50,2023,2.0,44.40932,-68.52016
EF023.00,2023,20.9,44.41556,-68.51503
EF024.00,2023,7.8,44.43279,-68.49599
EF025.00,2023,9.0,44.45405,-68.4803
EF026.00,2023,4.2,44.40954,-68.47482
EG002.00,2023,6.7,44.402,-68.46176
EG004.00,2023,11.2,44.44094,-68.47037
EG005.00,2023,15.2,44.46267,-68.46433
EG007.00,2023,8.6,44.4891,-68.4775
EG007.50,2023,27.8,44.48983,-68.49217
EG008.50,2023,18.9,44.494,-68.4855
EG009.00,2023,17.9,44.49349,-68.46731
EG011.00,2023,7.9,44.48408,-68.44926
EG014.00,2023,6.0,44.46197,-68.42776
EG016.00,2023,6.8,44.43695,-68.42618
EG016.50,2023,12.0,44.43593,-68.42769
EG017.00,2023,4.9,44.41475,-68.43362
EG019.00,2023,8.2,44.41233,-68.4003
EG020.00,2023,17.8,44.4364,-68.39123
EG020.50,2023,9.2,44.43438,-68.3872
EG021.00,2023,5.4,44.42953,-68.37732
EG023.00,2023,15.6,44.42202,-68.36623
EG024.00,2023,16.3,44.40348,-68.3498
EG025.00,2023,8.1,44.38774,-68.36099
EG026.00,2023,2.3,44.39199,-68.3739
EG027.00,2023,6.1,44.36259,-68.39273
EG028.00,2023,4.5,44.34763,-68.40703
EG029.00,2023,14.6,44.34276,-68.41649
EG030.80,2023,4.5,44.33954,-68.40793
EG031.00,2023,22.5,44.34149,-68.40118
EG032.00,2023,6.9,44.31442,-68.42259
EG033.00,2023,12.7,44.28262,-68.40826
EG035.00,2023,18.5,44.25556,-68.37918
EG036.00,2023,5.6,44.24659,-68.37613
EH003.00,2023,5.7,44.26661,-68.29897
EH012.20,2023,2.9,44.27844,-68.30472
EH012.40,2023,2.5,44.28319,-68.30046
EH024.00,2023,11.0,44.29903,-68.31691
EH027.00,2023,7.3,44.33975,-68.32027
EH030.00,2023,5.2,44.3575,-68.32914
EH031.00,2023,42.0,44.35513,-68.33633
EH035.00,2023,12.7,44.36887,-68.32878
EH039.00,2023,6.3,44.36359,-68.31033
EH040.00,2023,7.7,44.34302,-68.30269
EH045.00,2023,9.8,44.29964,-68.30474
EH047.00,2023,22.4,44.29002,-68.29335
EH047.20,2023,14.4,44.28817,-68.29168
EH050.00,2023,5.0,44.28998,-68.28146
EH052.00,2023,26.0,44.29466,-68.28399
EH055.00,2023,16.2,44.30167,-68.28328
EH065.00,2023,9.8,44.2918,-68.23739
EH068.00,2023,20.4,44.31583,-68.19795
EH072.00,2023,2.6,44.25984,-68.24107
EH073.00,2023,2.2,44.25428,-68.27345
EH075.00,2023,2.3,44.2512,-68.26
EH077.00,2023,2.5,44.25873,-68.26956
EI001.00,2023,35.6,44.34261,-68.1779
EI008.00,2023,10.6,44.39149,-68.20377
EI009.00,2023,3.4,44.39266,-68.21004
EI023.70,2023,5.1,44.41888,-68.24511
EI024.00,2023,3.7,44.42816,-68.24422
EI029.00,2023,4.0,44.43942,-68.27159
EI031.00,2023,4.5,44.43188,-68.28445
EI033.00,2023,2.2,44.43241,-68.29323
EI034.00,2023,5.9,44.44597,-68.3191
EI034.20,2023,20.5,44.42745,-68.33237
EI034.30,2023,18.6,44.42211,-68.33794
EI034.70,2023,15.1,44.42216,-68.34113
EI036.00,2023,25.6,44.43222,-68.36614
EI037.00,2023,6.6,44.44243,-68.35756
EI039.00,2023,7.0,44.46725,-68.35653
EI040.00,2023,5.5,44.46174,-68.32582
EI041.00,2023,3.9,44.45356,-68.27976
EI042.00,2023,4.3,44.47066,-68.2816
EI043.00,2023,3.4,44.50012,-68.28215
EI044.00,2023,7.7,44.5055,-68.30128
EI045.00,2023,9.5,44.50661,-68.32461
EI046.00,2023,6.0,44.51741,-68.30964
EI047.60,2023,16.8,44.5333,-68.31866
EI051.00,2023,8.9,44.50904,-68.25654
EI054.00,2023,1.9,44.48371,-68.25276
EI058.00,2023,2.7,44.46757,-68.23392
EI061.00,2023,2.2,44.47148,-68.22698
EI064.00,2023,9.5,44.49416,-68.22617
EI065.00,2023,3.6,44.49359,-68.22373
EI069.00,2023,3.1,44.51991,-68.22111
EI070.10,2023,5.8,44.53102,-68.24675
EI070.15,2023,5.0,44.53779,-68.26049
EI070.20,2023,29.2,44.53341,-68.2682
EI070.40,2023,0.8,44.54201,-68.27034
EI070.41,2023,9.3,44.54364,-68.27082
EI070.52,2023,18.1,44.56424,-68.29095
EI070.70,2023,30.3,44.57436,-68.26865
EI070.82,2023,42.9,44.5737,-68.26477
EI070.90,2023,9.5,44.5752,-68.26215
EI071.00,2023,12.1,44.57867,-68.2607
EI071.50,2023,16.2,44.58785,-68.24807
EI072.50,2023,7.7,44.57943,-68.24226
EI073.00,2023,24.5,44.5837,-68.23238
EI074.00,2023,21.3,44.57157,-68.21948
EI075.00,2023,5.0,44.56903,-68.25
EI075.60,2023,34.7,44.54642,-68.24703
EI075.90,2023,11.7,44.52935,-68.23249
EI082.00,2023,12.2,44.52039,-68.20196
EI084.00,2023,5.9,44.51524,-68.18667
EI086.00,2023,6.5,44.49264,-68.19615
EI087.00,2023,4.5,44.48434,-68.18624
EI089.00,2023,2.9,44.4767,-68.1808
EI091.00,2023,3.6,44.47092,-68.18994
EI093.00,2023,2.9,44.47144,-68.18146
EI096.00,2023,8.3,44.47254,-68.16364
EI098.00,2023,15.7,44.50065,-68.15462
EI105.00,2023,21.2,44.43265,-68.11653
EI106.00,2023,12.7,44.41331,-68.10916
EI107.00,2023,4.5,44.39474,-68.10193
EI108.00,2023,2.2,44.37166,-68.09042
EI109.00,2023,5.0,44.38981,-68.09354
EI110.70,2023,12.3,44.3833,-68.07548
EI111.00,2023,10.5,44.37466,-68.07168
EI112.00,2023,4.8,44.3443,-68.06472
EI113.00,2023,2.2,44.33611,-68.05651
EJ002.00,2023,6.0,44.36527,-68.03801
EJ003.00,2023,7.4,44.37344,-68.03271
EJ004.00,2023,8.1,44.38262,-68.03302
EJ006.00,2023,23.8,44.38568,-68.03776
EJ008.00,2023,10.4,44.38573,-68.03354
EJ009.00,2023,5.0,44.38353,-68.01934
EJ014.00,2023,16.8,44.40694,-68.02181
EJ015.00,2023,6.2,44.40445,-68.01499
EJ016.00,2023,7.3,44.41341,-68.00982
EJ022.00,2023,1.5,44.40187,-67.9648
EJ023.00,2023,8.9,44.41263,-67.97403
EJ024.00,2023,4.7,44.44203,-67.98226
EJ024.90,2023,15.2,44.47774,-68.02789
EJ025.50,2023,17.4,44.4811,-68.0219
EJ026.00,2023,12.0,44.46565,-67.99061
EJ027.00,2023,5.0,44.47824,-67.98295
EJ030.00,2023,62.2,44.50405,-67.97007
EJ030.50,2023,12.9,44.49717,-67.96729
EJ031.00,2023,8.0,44.49253,-67.9665
EJ031.50,2023,7.8,44.48853,-67.96715
EJ033.00,2023,2.9,44.43998,-67.95675
EJ034.00,2023,1.8,44.42456,-67.95158
EK002.00,2023,6.4,44.43681,-67.92967
EK003.00,2023,14.5,44.45046,-67.93311
EK003.80,2023,13.1,44.47569,-67.93282
EK004.00,2023,114.1,44.47999,-67.93576
EK005.00,2023,20.2,44.47208,-67.92598
EK006.00,2023,37.7,44.49146,-67.91138
EK006.50,2023,5.6,44.47775,-67.91051
EK007.00,2023,8.7,44.46338,-67.90615
EK008.00,2023,6.8,44.44417,-67.89219
EK008.50,2023,4.2,44.43722,-67.91086
EK008.90,2023,5.2,44.42136,-67.91237
EL001.00,2023,4.2,44.44265,-67.88876
EL004.00,2023,1.0,44.45194,-67.88349
EL006.00,2023,3.9,44.45525,-67.87753
EL007.00,2023,5.5,44.47212,-67.88613
EL008.00,2023,4.2,44.47089,-67.87299
EL009.80,2023,14.9,44.48389,-67.87321
EL011.00,2023,10.5,44.47656,-67.87057
EL014.00,2023,34.2,44.49328,-67.85566
EL015.00,2023,17.2,44.50257,-67.85399
EL017.80,2023,20.8,44.5066,-67.8527
EL018.00,2023,39.7,44.5058,-67.85542
EL020.00,2023,13.4,44.51317,-67.8568
EL021.00,2023,22.3,44.52042,-67.86145
EL033.00,2023,9.0,44.52767,-67.85718
EL035.00,2023,15.2,44.54067,-67.84618
EL036.00,2023,12.5,44.56231,-67.837
EL037.00,2023,4.7,44.5531,-67.82095
EL039.00,2023,13.9,44.56926,-67.83162
EL040.50,2023,20.6,44.58587,-67.82967
EL041.70,2023,27.7,44.57951,-67.81895
EL043.10,2023,17.5,44.59419,-67.79842
EL046.00,2023,26.0,44.5884,-67.78326
EL047.00,2023,14.8,44.55291,-67.78347
EM001.00,2023,9.6,44.5488,-67.78259
EM003.00,2023,20.0,44.56007,-67.76951
EM005.00,2023,13.1,44.57083,-67.76655
EM006.00,2023,6.5,44.58355,-67.76141
EM010.00,2023,33.1,44.60062,-67.73913
EM011.00,2023,20.9,44.58296,-67.74028
EM012.80,2023,13.8,44.52551,-67.74032
EM013.00,2023,91.5,44.52297,-67.72938
EM013.50,2023,27.8,44.5213,-67.73368
EN001.00,2023,14.9,44.51444,-67.71813
EN001.60,2023,6.2,44.50205,-67.72497
EN003.00,2023,9.8,44.5203,-67.70869
EN004.00,2023,7.1,44.53346,-67.6975
EN006.40,2023,23.2,44.54616,-67.66602
EN006.50,2023,13.8,44.5485,-67.66527
EN006.90,2023,6.8,44.56048,-67.66524
EN010.00,2023,10.8,44.56449,-67.6543
EN010.50,2023,15.0,44.56515,-67.64791
EN013.00,2023,8.5,44.54961,-67.62946
EN016.00,2023,11.3,44.52761,-67.64081
EN017.60,2023,2.8,44.526,-67.63089
EN023.00,2023,23.7,44.51493,-67.6175
EN023.50,2023,9.0,44.51254,-67.6179
EN025.00,2023,13.7,44.48863,-67.59916
EN026.00,2023,13.5,44.4782,-67.59676
EN027.00,2023,5.3,44.47037,-67.59263
EN032.00,2023,13.5,44.49367,-67.59321
EN037.00,2023,12.7,44.51517,-67.59364
EN039.00,2023,19.5,44.50867,-67.60199
EN043.00,2023,15.6,44.52217,-67.61004
EN045.50,2023,2.7,44.52588,-67.61153
EN047.60,2023,5.1,44.52893,-67.5962
EP001.00,2023,5.6,44.53101,-67.58925
EP002.00,2023,3.3,44.53159,-67.57383
EP009.00,2023,9.7,44.61432,-67.55954
EP013.00,2023,5.5,44.62829,-67.55794
EP014.10,2023,4.8,44.63145,-67.54945
EP017.50,2023,32.8,44.65578,-67.54709
EP018.00,2023,8.7,44.64435,-67.54329
EP021.00,2023,29.3,44.64434,-67.50633
EP022.00,2023,7.8,44.63752,-67.50616
EP023.00,2023,4.5,44.61588,-67.49588
EP025.00,2023,9.5,44.6101,-67.47722
EP029.00,2023,5.6,44.60692,-67.46591
EQ001.00,2023,6.1,44.61541,-67.43463
EQ002.50,2023,15.2,44.63858,-67.44917
EQ003.00,2023,12.0,44.65112,-67.439
EQ005.10,2023,36.8,44.66721,-67.45267
EQ005.60,2023,21.8,44.66548,-67.44391
EQ006.20,2023,19.8,44.6668,-67.435
EQ006.70,2023,12.8,44.66186,-67.43088
EQ009.00,2023,3.2,44.62902,-67.41913
ER001.00,2023,4.5,44.60825,-67.39764
ER003.10,2023,3.8,44.62769,-67.38444
ER004.00,2023,19.8,44.63952,-67.37884
ER005.00,2023,11.4,44.64387,-67.38002
ER008.00,2023,18.0,44.67785,-67.3794
ER009.00,2023,16.0,44.6765,-67.38762
ER012.00,2023,8.2,44.68643,-67.39748
ER016.00,2023,20.2,44.69678,-67.39297
ER038.00,2023,25.0,44.71213,-67.38095
ER039.00,2023,21.2,44.70743,-67.38297
ER043.00,2023,17.2,44.69074,-67.3866
ER045.00,2023,19.8,44.69084,-67.37508
ER046.00,2023,3.5,44.70348,-67.35859
ER047.00,2023,7.9,44.706,-67.31874
ES004.00,2023,10.5,44.66707,-67.26366
ES008.00,2023,25.1,44.65898,-67.2287
ES009.00,2023,16.1,44.65527,-67.21344
ES015.00,2023,6.0,44.73738,-67.1153
ES016.80,2023,10.3,44.75423,-67.06991
ES021.50,2023,15.5,44.81253,-66.97721
ES022.00,2023,35.6,44.8141,-66.9876
ES023.00,2023,9.1,44.82448,-66.98901
ES026.00,2023,21.2,44.8433,-66.99685
ES027.00,2023,9.2,44.85475,-66.98174
ET008.00,2023,15.0,44.84643,-67.01888
ET008.30,2023,13.5,44.84837,-67.01689
ET009.00,2023,7.5,44.85798,-67.01527
ET011.00,2023,28.5,44.8643,-67.01344
ET012.00,2023,6.4,44.87166,-67.01867
ET013.00,2023,12.4,44.87776,-67.01889
ET020.00,2023,17.7,44.85718,-67.02172
ET023.00,2023,5.1,44.83007,-67.05932
ET025.00,2023,10.1,44.8554,-67.07998
ET026.00,2023,3.2,44.88462,-67.09215
ET029.00,2023,5.0,44.87197,-67.09892
ET032.00,2023,12.8,44.85707,-67.09022
ET033.50,2023,18.0,44.84254,-67.12247
ET036.00,2023,2.7,44.87215,-67.13927
ET039.00,2023,19.1,44.81949,-67.1282
ET044.00,2023,14.8,44.79994,-67.17034
ET045.00,2023,8.3,44.80703,-67.16413
ET047.00,2023,12.7,44.82287,-67.15476
ET054.00,2023,3.6,44.8573,-67.14775
ET057.00,2023,14.5,44.88829,-67.19644
ET057.20,2023,16.4,44.886,-67.20063
ET059.00,2023,17.0,44.90687,-67.20506
ET060.00,2023,60.3,44.90566,-67.21306
ET063.00,2023,50.9,44.91294,-67.21606
ET066.50,2023,23.2,44.92649,-67.21612
ET068.00,2023,9.9,44.91845,-67.18368
ET070.00,2023,9.5,44.90002,-67.14971
ET071.00,2023,3.2,44.88786,-67.13744
ET074.00,2023,2.6,44.89754,-67.11282
ET077.00,2023,12.5,44.92384,-67.15067
ET079.00,2023,12.0,44.9364,-67.16526
ET085.00,2023,13.4,44.93981,-67.16016
ET091.00,2023,19.2,44.95624,-67.13729
ET095.00,2023,9.2,44.91695,-67.07713
ET097.00,2023,5.0,44.93742,-67.04986
ET099.00,2023,6.4,44.95105,-67.04049
ET100.00,2023,5.3,44.93886,-67.03447
ET100.20,2023,19.0,44.92854,-67.03497
ET103.10,2023,3.6,44.92331,-67.01524
ET104.00,2023,2.8,44.9087,-67.01976
EU008.00,2023,5.1,44.91951,-67.00211
EU009.00,2023,8.7,44.92638,-67.01534
EU016.00,2023,9.6,44.97115,-67.05704
EU020.00,2023,26.5,45.03349,-67.10097
EU022.00,2023,28.8,45.05811,-67.11757
EU022.50,2023,22.5,45.05928,-67.10909
EU025.00,2023,10.8,45.08304,-67.10917
EU026.00,2023,11.0,45.09194,-67.11604
WA015.00,2023,46.6,43.09694,-70.76786
WA016.00,2023,46.3,43.10266,-70.7727
WA024.00,2023,8.2,43.08273,-70.71767
WA031.00,2023,40.5,43.1071,-70.72816
WA033.00,2023,21.4,43.09613,-70.72364
WA038.00,2023,18.2,43.08316,-70.69501
WA043.00,2023,12.4,43.06722,-70.69354
WB005.00,2023,7.5,43.09808,-70.66119
WB020.00,2023,57.7,43.14119,-70.69323
WB021.00,2023,10.3,43.1421,-70.676
WB023.00,2023,4.3,43.13679,-70.66044
WB026.00,2023,15.1,43.12536,-70.65196
WB026.50,2023,2.5,43.12655,-70.64745
WB027.00,2023,4.3,43.13269,-70.64208
WB029.00,2023,5.0,43.13263,-70.63886
WD007.00,2023,27.4,43.25077,-70.59715
WD007.50,2023,19.8,43.25414,-70.59557
WD008.00,2023,105.3,43.25955,-70.59492
WD009.00,2023,15.4,43.26304,-70.59122
WD010.00,2023,8.5,43.25037,-70.59336
WD014.00,2023,7.8,43.30408,-70.5767
WD016.00,2023,17.4,43.30829,-70.56893
WD018.50,2023,8.3,43.32135,-70.56538
WD019.00,2023,4.8,43.32033,-70.56397
WD020.00,2023,21.3,43.32923,-70.56583
WD022.00,2023,14.6,43.33068,-70.55785
WD024.00,2023,8.8,43.32122,-70.55673
WD028.00,2023,8.6,43.33942,-70.52868
WD031.00,2023,8.3,43.34416,-70.51807
WD036.00,2023,19.0,43.34364,-70.50644
WD037.00,2023,10.0,43.344,-70.49935
WD038.00,2023,7.3,43.34478,-70.48682
WE004.00,2023,42.4,43.35672,-70.44597
WE005.00,2023,14.8,43.36735,-70.44016
WE006.00,2023,50.1,43.36747,-70.43714
WE008.00,2023,16.4,43.36905,-70.4308
WE010.00,2023,48.0,43.36583,-70.43156
WE010.20,2023,16.5,43.36616,-70.43028
WE011.00,2023,5.0,43.37675,-70.43541
WE013.00,2023,11.8,43.37471,-70.42992
WE018.50,2023,21.5,43.39016,-70.43962
WE020.00,2023,14.5,43.38884,-70.43004
WE022.00,2023,6.5,43.38386,-70.42536
WE023.00,2023,7.2,43.39522,-70.42609
WE024.50,2023,9.9,43.3959,-70.42154
WE027.00,2023,66.0,43.40335,-70.40235
WE028.00,2023,14.7,43.40224,-70.39904
WE030.00,2023,19.9,43.40703,-70.39786
WF004.50,2023,21.7,43.42619,-70.37719
WF006.00,2023,7.7,43.43609,-70.36828
WF006.10,2023,13.9,43.44187,-70.35183
WG005.00,2023,26.0,43.45906,-70.37469
WG007.00,2023,21.0,43.45093,-70.36312
WG008.10,2023,18.5,43.44665,-70.35562
WG008.30,2023,12.9,43.4401,-70.36485
WG008.50,2023,9.3,43.43685,-70.36961
WG008.60,2023,9.2,43.4445,-70.3725
WG008.80,2023,14.2,43.45395,-70.37256
WG008.90,2023,11.1,43.45012,-70.36388
WG020.00,2023,33.0,43.53048,-70.36009
WG021.00,2023,12.1,43.54067,-70.33676
WG024.70,2023,9.4,43.5631,-70.36678
WG025.00,2023,9.6,43.55814,-70.35745
WG026.50,2023,16.3,43.56046,-70.3497
WG027.00,2023,13.5,43.55656,-70.3487
WG032.00,2023,24.7,43.54679,-70.34777
WG032.50,2023,4.8,43.54866,-70.34399
WG033.00,2023,15.7,43.56345,-70.33375
WG034.00,2023,9.9,43.56741,-70.32322
WG035.00,2023,22.4,43.57047,-70.32263
WG036.00,2023,5.4,43.5556,-70.3367
WG037.00,2023,4.0,43.55105,-70.33784
WG038.00,2023,11.0,43.54457,-70.33416
WG039.00,2023,5.0,43.54768,-70.32635
WG041.00,2023,6.4,43.55146,-70.31873
WG044.00,2023,11.1,43.54342,-70.32288
WG046.00,2023,4.2,43.53049,-70.32234
WH001.00,2023,5.4,43.53826,-70.31192
WH002.00,2023,14.0,43.5507,-70.29964
WH004.00,2023,20.8,43.55993,-70.27956
WH010.00,2023,26.2,43.57395,-70.27219
WH017.00,2023,7.3,43.56182,-70.2192
WI015.00,2023,10.7,43.70604,-70.21749
WI017.00,2023,64.9,43.71211,-70.21852
WI017.50,2023,13.8,43.71672,-70.21701
WI019.00,2023,86.4,43.71539,-70.21934
WI020.00,2023,61.0,43.72108,-70.22167
WI025.00,2023,17.0,43.73248,-70.20447
WI027.00,2023,12.0,43.74082,-70.19634
WI029.00,2023,14.8,43.75819,-70.19577
WI030.00,2023,44.0,43.76817,-70.1953
WI033.00,2023,27.0,43.7755,-70.1816
WI036.00,2023,18.2,43.76365,-70.1723
WI038.00,2023,179.1,43.77171,-70.1654
WI040.00,2023,44.5,43.77507,-70.1531
WI041.00,2023,51.8,43.7814,-70.15307
WI048.00,2023,78.1,43.79069,-70.1504
WI051.00,2023,25.6,43.81217,-70.15349
WI053.00,2023,22.3,43.80664,-70.15322
WI054.00,2023,24.7,43.79695,-70.1504
WI055.00,2023,42.2,43.79783,-70.13913
WI055.20,2023,74.6,43.80126,-70.1384
WI055.50,2023,40.6,43.79552,-70.13665
WI056.00,2023,14.1,43.79878,-70.1272
WI056.70,2023,7.6,43.80733,-70.10747
WI058.50,2023,24.1,43.77377,-70.14555
WI058.80,2023,17.0,43.77329,-70.13201
WI061.00,2023,11.9,43.77129,-70.12549
WI063.00,2023,20.3,43.76517,-70.13472
WI064.00,2023,20.9,43.75862,-70.13727
WI065.50,2023,6.4,43.76154,-70.12219
WI069.00,2023,37.9,43.75192,-70.13979
WI071.00,2023,6.7,43.74866,-70.15122
WI074.00,2023,13.9,43.75687,-70.15068
WI077.00,2023,7.3,43.75184,-70.10819
WI083.00,2023,3.2,43.7243,-70.13942
WI088.00,2023,4.9,43.718,-70.12568
WI090.00,2023,2.5,43.71492,-70.11882
WI092.00,2023,4.5,43.72164,-70.11173
WI093.00,2023,3.7,43.72995,-70.10935
WI095.00,2023,4.7,43.75434,-70.09607
WJ001.00,2023,8.2,43.80736,-70.10872
WJ001.50,2023,15.3,43.80416,-70.11655
WJ002.00,2023,7.0,43.81387,-70.11409
WJ002.50,2023,15.5,43.8158,-70.11827
WJ003.00,2023,4.5,43.81715,-70.11121
WJ006.00,2023,6.9,43.82037,-70.1056
WJ008.00,2023,13.8,43.82545,-70.10604
WJ009.00,2023,11.6,43.82981,-70.09774
WJ009.70,2023,26.8,43.83512,-70.1005
WJ011.00,2023,30.0,43.84243,-70.09622
WJ014.00,2023,27.9,43.83853,-70.08944
WJ014.15,2023,42.1,43.84713,-70.07999
WJ014.20,2023,38.6,43.8395,-70.08343
WJ014.50,2023,14.4,43.83147,-70.08718
WJ014.70,2023,12.0,43.8227,-70.0938
WJ015.00,2023,7.3,43.81873,-70.09828
WJ016.00,2023,5.1,43.80969,-70.10082
WJ017.00,2023,11.6,43.81769,-70.08841
WJ017.50,2023,17.9,43.82135,-70.08117
WJ018.00,2023,41.7,43.82858,-70.07618
WJ018.60,2023,40.8,43.82642,-70.06584
WJ019.00,2023,27.7,43.81968,-70.06247
WJ024.00,2023,6.8,43.81019,-70.06952
WJ026.00,2023,16.2,43.8233,-70.05641
WJ027.30,2023,12.9,43.84177,-70.04239
WJ027.50,2023,7.7,43.8515,-70.02976
WJ031.50,2023,10.7,43.86014,-70.01419
WJ032.50,2023,16.3,43.86674,-69.99714
WJ034.00,2023,12.5,43.86179,-69.99013
WJ035.00,2023,10.6,43.8497,-69.99978
WJ038.00,2023,7.4,43.82547,-70.0261
WJ046.00,2023,3.2,43.82601,-70.02
WJ047.00,2023,4.8,43.83277,-70.01102
WJ048.00,2023,8.6,43.84207,-69.99653
WJ048.50,2023,18.7,43.85367,-69.98493
WJ049.00,2023,7.2,43.85181,-69.97341
WJ049.50,2023,9.5,43.85528,-69.96094
WJ050.50,2023,9.1,43.85545,-69.95219
WJ051.00,2023,11.9,43.84708,-69.95786
WJ055.00,2023,6.5,43.82139,-69.97637
WJ056.00,2023,5.7,43.80803,-69.99354
WJ057.00,2023,5.6,43.78617,-70.00534
WJ058.00,2023,3.6,43.77758,-70.01707
WJ059.00,2023,6.0,43.76883,-70.01888
WJ060.00,2023,7.8,43.75646,-70.0338
WJ062.00,2023,2.4,43.73969,-70.041
WJ063.00,2023,1.9,43.74712,-70.03312
WJ064.00,2023,4.7,43.75473,-70.03084
WJ065.00,2023,12.3,43.7622,-70.02175
WJ066.00,2023,7.5,43.75886,-70.02173
WJ067.00,2023,10.4,43.74931,-70.02483
WJ068.50,2023,10.2,43.75108,-70.01653
WJ070.00,2023,10.3,43.74147,-70.0169
WK002.00,2023,2.4,43.74765,-70.00222
WK004.00,2023,2.9,43.75801,-69.99824
WK005.50,2023,5.4,43.75833,-70.00848
WK007.00,2023,3.9,43.77437,-69.9921
WK007.10,2023,22.3,43.78728,-69.98594
WK008.00,2023,4.8,43.79258,-69.97586
WK009.00,2023,10.0,43.80659,-69.97556
WK010.00,2023,5.2,43.8002,-69.97208
WK011.00,2023,14.9,43.8135,-69.96005
WK012.00,2023,4.3,43.80085,-69.96087
WK013.10,2023,3.6,43.81789,-69.95344
WK013.20,2023,5.3,43.83022,-69.94794
WK013.30,2023,23.1,43.8346,-69.95173
WK014.00,2023,16.6,43.85258,-69.9419
WK014.10,2023,36.2,43.86169,-69.93699
WK014.30,2023,7.0,43.84784,-69.93432
WK014.40,2023,3.8,43.84025,-69.93822
WK015.10,2023,4.9,43.83414,-69.92719
WK017.00,2023,7.5,43.80944,-69.93125
WK018.00,2023,7.8,43.85052,-69.92477
WK018.10,2023,6.6,43.85696,-69.91911
WK019.80,2023,11.3,43.81337,-69.94352
WK022.00,2023,3.4,43.79548,-69.94525
WK023.00,2023,6.9,43.7816,-69.95494
WK023.10,2023,4.4,43.78552,-69.96521
WK023.20,2023,3.7,43.79215,-69.95791
WK024.00,2023,5.4,43.77428,-69.96695
WK025.00,2023,5.3,43.76276,-69.97918
WK042.00,2023,3.1,43.77396,-69.95461
WK044.00,2023,4.2,43.79324,-69.94242
WK044.50,2023,4.3,43.78371,-69.94494
WK048.00,2023,8.7,43.77468,-69.94302
WK052.00,2023,11.1,43.779,-69.9349
WK052.10,2023,20.6,43.7899,-69.93518
WK052.80,2023,10.6,43.79334,-69.93388
WK052.90,2023,6.7,43.79456,-69.92887
WK053.00,2023,18.8,43.80039,-69.93358
WK053.50,2023,20.5,43.8056,-69.9313
WK054.50,2023,5.8,43.81044,-69.92193
WK055.00,2023,7.1,43.83085,-69.91592
WK056.00,2023,3.9,43.83588,-69.91331
WK057.00,2023,5.4,43.82418,-69.91425
WK058.00,2023,5.8,43.827,-69.91153
WK059.20,2023,8.1,43.82925,-69.90435
WK061.00,2023,9.6,43.8274,-69.90293
WK063.00,2023,3.0,43.82342,-69.90163
WK063.20,2023,5.9,43.81606,-69.89932
WK064.10,2023,7.9,43.80792,-69.90734
WK065.00,2023,25.3,43.7988,-69.91485
WK066.00,2023,19.8,43.79965,-69.90564
WK067.00,2023,4.0,43.7917,-69.89731
WK068.00,2023,21.3,43.78816,-69.89434
WK068.10,2023,15.6,43.78533,-69.89781
WL005.00,2023,6.0,43.80273,-69.88891
WL006.00,2023,8.9,43.81711,-69.88581
WL007.00,2023,7.2,43.81353,-69.88119
WL010.00,2023,6.5,43.82833,-69.88757
WL011.00,2023,10.5,43.84114,-69.88498
WL012.00,2023,15.1,43.83829,-69.89108
WL014.00,2023,22.6,43.85598,-69.89152
WL015.00,2023,9.6,43.8572,-69.8977
WL018.00,2023,10.0,43.85522,-69.91286
WL019.00,2023,13.5,43.85667,-69.91464
WL020.00,2023,29.9,43.8488,-69.916
WL021.00,2023,10.7,43.86534,-69.91507
WL022.50,2023,14.2,43.86977,-69.91394
WL023.00,2023,3.9,43.85877,-69.91336
WL025.00,2023,9.2,43.86646,-69.91006
WL026.00,2023,9.5,43.87292,-69.9095
WL028.00,2023,4.7,43.86883,-69.90155
WL030.00,2023,6.4,43.8838,-69.89493
WL031.00,2023,9.4,43.89344,-69.89204
WL033.00,2023,8.2,43.88836,-69.88652
WL034.50,2023,4.5,43.8947,-69.88036
WL035.00,2023,4.0,43.90719,-69.87195
WL036.10,2023,5.0,43.91146,-69.86959
WL036.70,2023,7.2,43.91885,-69.86571
WL036.90,2023,25.0,43.9309,-69.86137
WL037.00,2023,9.7,43.89226,-69.8802
WL037.50,2023,12.9,43.88005,-69.88733
WL038.00,2023,3.5,43.86878,-69.88975
WL040.00,2023,4.0,43.85813,-69.88148
WL043.10,2023,4.2,43.87447,-69.8722
WL044.00,2023,3.3,43.86052,-69.87185
WL046.00,2023,4.9,43.88036,-69.86179
WL046.50,2023,3.7,43.87604,-69.86265
WL047.00,2023,3.0,43.88222,-69.85398
WL048.00,2023,7.3,43.87614,-69.85154
WL048.50,2023,2.7,43.87156,-69.86482
WL049.00,2023,3.5,43.86099,-69.86594
WL050.00,2023,1.5,43.8591,-69.85957
WL051.00,2023,3.9,43.85738,-69.86429
WL052.00,2023,6.7,43.85662,-69.86724
WL053.00,2023,3.5,43.8557,-69.86487
WL054.00,2023,3.0,43.84981,-69.86655
WL057.00,2023,4.1,43.83131,-69.86767
WL060.00,2023,3.2,43.82926,-69.86549
WL063.00,2023,3.0,43.83445,-69.85237
WL066.00,2023,4.4,43.83648,-69.84794
WL068.00,2023,8.8,43.83919,-69.84554
WL070.00,2023,10.4,43.8316,-69.84932
WL071.00,2023,15.9,43.82817,-69.84784
WL073.00,2023,26.1,43.81582,-69.85449
WL075.00,2023,20.5,43.80969,-69.85806
WL076.00,2023,15.9,43.81207,-69.84694
WL077.00,2023,14.2,43.79825,-69.8508
WL079.00,2023,10.5,43.7846,-69.87328
WL081.00,2023,0.0,43.78062,-69.86914
WL085.00,2023,23.0,43.76901,-69.86364
WL087.20,2023,39.0,43.76212,-69.86102
WL089.00,2023,16.0,43.75172,-69.86436
WL095.50,2023,16.2,43.74663,-69.85586
WL096.00,2023,7.1,43.7546,-69.84277
WL097.00,2023,6.9,43.74633,-69.84414
WL098.00,2023,13.2,43.74018,-69.84183
WL099.00,2023,11.8,43.73275,-69.84553
WL101.00,2023,9.5,43.72964,-69.83813
WL102.00,2023,12.8,43.72067,-69.85048
WL103.00,2023,7.9,43.71702,-69.84931
WM001.00,2023,9.0,43.72438,-69.83303
WM003.00,2023,4.9,43.75299,-69.78357
WM004.00,2023,9.7,43.75361,-69.78866
WM004.10,2023,11.6,43.74746,-69.79496
WM004.50,2023,13.2,43.7507,-69.80254
WM005.00,2023,5.0,43.76525,-69.78816
WM006.00,2023,10.2,43.77098,-69.78805
WM008.00,2023,17.2,43.77536,-69.79519
WM009.00,2023,22.4,43.7852,-69.80247
WM009.80,2023,17.6,43.79271,-69.80168
WM012.00,2023,16.5,43.79541,-69.79379
WM016.00,2023,15.6,43.81768,-69.80922
WM017.20,2023,38.5,43.82942,-69.8137
WM019.10,2023,16.7,43.80551,-69.78023
WM020.00,2023,26.8,43.76434,-69.76739
WM022.00,2023,13.6,43.76444,-69.76613
WM023.00,2023,18.5,43.77174,-69.7575
WM024.00,2023,24.5,43.76533,-69.75299
WM026.00,2023,44.1,43.79197,-69.77982
WM026.90,2023,12.4,43.77938,-69.7733
WM027.00,2023,16.7,43.77513,-69.77136
WM028.00,2023,24.3,43.76841,-69.77363
WN001.00,2023,17.1,43.7554,-69.753
WN002.00,2023,14.3,43.7739,-69.74
WN003.00,2023,28.5,43.78486,-69.72294
WN004.00,2023,10.9,43.81638,-69.71855
WN013.00,2023,10.0,43.84995,-69.7258
WN016.00,2023,8.6,43.8403,-69.73895
WN018.00,2023,9.8,43.82455,-69.7451
WN020.00,2023,24.6,43.80468,-69.74827
WN027.00,2023,3.4,43.86407,-69.70668
WN027.20,2023,3.5,43.85347,-69.7132
WN027.30,2023,9.5,43.87437,-69.7242
WN027.50,2023,9.6,43.87987,-69.73044
WN030.50,2023,15.1,43.86685,-69.74791
WN034.00,2023,7.4,43.89305,-69.73157
WN035.00,2023,11.5,43.90198,-69.73763
WN035.40,2023,12.3,43.9188,-69.73178
WN040.00,2023,6.5,43.94853,-69.6982
WN042.00,2023,3.4,43.95864,-69.68647
WN043.30,2023,4.7,43.94066,-69.69154
WN043.50,2023,7.4,43.92227,-69.70424
WN044.10,2023,11.2,43.9055,-69.714
WN048.00,2023,3.8,43.98252,-69.67137
WN050.00,2023,18.5,43.99472,-69.64801
WN051.00,2023,4.1,43.99655,-69.67619
WN052.00,2023,6.0,43.9987,-69.66523
WN060.00,2023,21.3,43.9999,-69.64307
WN063.00,2023,16.3,44.02211,-69.63142
WN064.00,2023,8.3,44.03058,-69.62006
WN065.00,2023,38.3,44.04627,-69.61599
WN067.00,2023,23.3,44.05115,-69.60961
WN068.00,2023,6.9,44.03652,-69.61362
WN068.50,2023,20.4,44.01656,-69.60848
WN069.00,2023,79.2,44.03356,-69.58737
WN071.00,2023,11.2,44.01146,-69.59784
WN073.00,2023,8.0,43.97538,-69.66412
WN076.00,2023,5.2,43.94143,-69.67758
WN077.20,2023,3.2,43.91235,-69.69378
WN077.30,2023,1.6,43.88179,-69.69909
WN078.00,2023,18.1,43.92877,-69.66836
WN079.00,2023,7.0,43.93213,-69.65176
WN080.00,2023,13.5,43.95143,-69.64745
WN080.50,2023,20.4,43.9509,-69.64246
WN082.00,2023,99.2,43.93794,-69.62618
WN083.00,2023,9.5,43.92951,-69.61882
WN084.00,2023,9.1,43.91535,-69.62353
WN085.00,2023,5.5,43.92284,-69.66406
WN085.50,2023,12.9,43.89919,-69.66071
WN087.00,2023,12.6,43.90349,-69.68045
WN089.00,2023,9.9,43.88159,-69.67056
WN091.00,2023,30.5,43.8846,-69.66097
WN092.00,2023,22.1,43.87996,-69.66368
WN093.00,2023,8.2,43.874,-69.66779
WN098.00,2023,7.3,43.8656,-69.66543
WN099.00,2023,5.5,43.85869,-69.66389
WN100.00,2023,16.5,43.85242,-69.66425
WN104.50,2023,30.8,43.83434,-69.66968
WN105.00,2023,32.7,43.82966,-69.66841
WQ008.00,2023,2.8,43.85665,-69.57592
WQ012.50,2023,2.3,43.87999,-69.58911
WQ015.00,2023,6.1,43.9185,-69.59587
WQ017.00,2023,4.2,43.95254,-69.58728
WQ018.00,2023,2.5,43.97865,-69.57418
WQ022.00,2023,7.9,44.00947,-69.5504
WQ023.00,2023,7.8,44.01947,-69.54769
WQ024.00,2023,7.2,44.0321,-69.53835
WQ031.50,2023,8.7,44.04682,-69.51811
WQ032.00,2023,11.3,44.04394,-69.51323
WQ034.00,2023,6.9,44.03248,-69.53309
WQ035.00,2023,77.4,44.02923,-69.52811
WQ036.00,2023,62.9,44.02615,-69.52862
WQ037.00,2023,38.3,44.02415,-69.53213
WQ039.00,2023,10.8,44.01865,-69.54148
WQ040.00,2023,14.9,44.01845,-69.53914
WQ043.00,2023,5.5,44.01357,-69.53862
WQ045.00,2023,3.5,43.99381,-69.54169
WQ046.50,2023,2.4,43.97658,-69.5588
WQ048.00,2023,2.0,43.95793,-69.56625
WQ049.00,2023,2.5,43.93525,-69.58116
WQ051.00,2023,3.4,43.93089,-69.57129
WQ052.00,2023,19.5,43.93055,-69.56694
WQ054.00,2023,3.8,43.8875,-69.56644
WQ055.00,2023,5.9,43.87519,-69.56806
WQ057.00,2023,4.6,43.87104,-69.56951
WQ058.00,2023,3.9,43.86255,-69.56476
WR006.00,2023,3.0,43.8657,-69.55399
WR008.00,2023,3.8,43.87918,-69.55378
WR012.00,2023,2.9,43.90709,-69.54472
WR022.00,2023,3.4,43.88304,-69.51854
WR025.00,2023,31.7,43.90183,-69.51581
WR027.30,2023,11.9,43.89868,-69.51326
WS017.00,2023,7.8,43.99164,-69.43268
WS019.00,2023,6.7,43.98697,-69.42428
WS019.80,2023,2.7,43.97853,-69.41895
WS021.00,2023,2.7,43.98476,-69.41471
WS022.00,2023,6.4,43.99247,-69.40811
WS024.00,2023,3.6,43.99767,-69.40096
WS025.00,2023,17.0,44.02287,-69.41186
WS026.00,2023,18.6,44.03119,-69.41116
WS027.00,2023,23.7,44.03391,-69.40622
WS028.00,2023,20.2,44.04396,-69.40791
WS030.00,2023,19.5,44.03297,-69.39604
WS031.00,2023,16.5,44.0442,-69.39267
WS032.00,2023,6.0,44.04746,-69.38293
WS034.00,2023,7.6,44.0325,-69.38393
WS035.00,2023,1.9,44.03204,-69.37741
WS036.00,2023,7.3,44.03986,-69.37048
WS037.00,2023,8.3,44.05519,-69.37255
WS038.00,2023,15.6,44.06436,-69.38075
WS038.50,2023,23.5,44.06546,-69.38829
WS039.00,2023,27.3,44.06544,-69.39351
WS040.00,2023,27.5,44.07047,-69.39363
WS041.00,2023,32.7,44.07819,-69.38683
WS043.90,2023,150.8,44.093,-69.37747
WS047.30,2023,14.8,44.07376,-69.38074
WS048.00,2023,6.2,44.06339,-69.36469
WS049.00,2023,30.8,44.065,-69.34965
WS049.20,2023,4.3,44.0589,-69.34949
WS050.00,2023,5.8,44.04871,-69.34011
WS051.00,2023,4.0,44.03324,-69.34821
WS052.00,2023,3.1,44.02685,-69.36317
WS054.00,2023,7.9,44.01888,-69.37097
WS055.00,2023,5.3,44.01564,-69.3632
WS057.00,2023,3.8,44.02052,-69.35386
WS058.00,2023,19.3,44.02981,-69.34671
WS059.00,2023,22.4,44.01281,-69.34552
WS060.00,2023,7.1,44.00775,-69.3552
WS063.00,2023,2.6,43.99631,-69.3607
WS065.00,2023,2.5,43.97996,-69.36497
WS067.00,2023,2.9,43.9912,-69.39681
WS069.00,2023,2.3,43.9652,-69.39158
WS072.00,2023,1.9,43.92381,-69.42566
WT002.00,2023,13.7,43.976,-69.356
WT004.00,2023,11.6,43.98319,-69.3516
WT008.00,2023,3.3,43.97301,-69.34451
WT010.00,2023,29.6,43.97487,-69.33155
WT011.00,2023,5.0,43.9795,-69.32754
WT012.00,2023,11.3,43.97234,-69.32976
WT013.00,2023,10.8,43.97016,-69.32779
WT014.00,2023,3.5,43.97474,-69.31906
WT015.00,2023,6.4,43.99865,-69.31355
WT016.00,2023,9.3,43.9891,-69.31265
WT017.00,2023,12.0,43.99078,-69.30457
WT018.00,2023,7.9,43.99304,-69.30237
WT018.50,2023,7.4,44.00009,-69.29658
WT019.50,2023,22.9,43.99747,-69.29093
WT020.00,2023,5.9,43.98523,-69.3079
WT020.80,2023,9.7,43.98613,-69.30095
WT022.00,2023,5.5,43.97414,-69.30619
WT024.00,2023,6.3,43.96602,-69.30662
WT026.00,2023,2.6,43.95237,-69.32068
WT028.50,2023,2.9,43.9602,-69.3473
WT029.00,2023,2.8,43.93992,-69.35162
WT031.00,2023,2.5,43.91011,-69.37713
WU001.00,2023,4.8,43.95382,-69.30748
WU002.00,2023,3.6,43.95643,-69.30021
WU003.00,2023,5.3,43.95955,-69.29309
WU004.00,2023,8.2,43.95888,-69.28832
WU005.00,2023,17.7,43.97025,-69.27751
WU006.00,2023,46.4,43.97295,-69.28427
WU006.50,2023,6.1,43.97802,-69.28277
WU007.00,2023,9.3,43.9886,-69.28024
WU009.00,2023,5.4,43.97869,-69.27068
WU010.00,2023,8.5,43.98064,-69.26357
WU013.00,2023,48.7,44.0005,-69.25422
WU013.50,2023,7.4,44.00491,-69.2479
WU017.00,2023,10.1,44.01147,-69.23389
WU018.00,2023,9.8,44.02226,-69.21447
WU019.00,2023,7.0,44.02833,-69.21071
WU020.00,2023,21.8,44.03857,-69.20576
WU021.00,2023,16.7,44.04414,-69.20442
WU022.00,2023,18.9,44.04952,-69.20846
WU023.00,2023,26.0,44.05719,-69.19209
WU025.00,2023,11.6,44.06487,-69.18771
WU028.00,2023,17.4,44.07169,-69.18241
WU029.00,2023,56.6,44.07484,-69.17334
WU032.00,2023,20.3,44.07101,-69.16633
WU033.00,2023,28.2,44.06182,-69.16875
WU034.00,2023,61.1,44.05631,-69.1774
WU034.50,2023,13.3,44.0618,-69.17947
WU035.00,2023,11.3,44.0549,-69.18402
WU036.00,2023,14.6,44.0503,-69.18415
WU037.00,2023,9.9,44.04595,-69.18693
WU037.50,2023,21.3,44.03773,-69.1882
WU038.00,2023,13.8,44.02651,-69.20232
WU039.00,2023,5.9,44.0213,-69.20657
WU040.00,2023,9.8,44.00859,-69.21833
WU041.00,2023,17.0,44.00979,-69.20402
WU042.00,2023,18.6,43.99893,-69.21505
WU042.70,2023,13.9,43.99476,-69.21668
WU043.00,2023,18.1,43.98873,-69.22374
WU044.00,2023,7.0,43.99238,-69.23181
WU045.70,2023,7.2,43.9807,-69.24327
WU045.80,2023,11.0,43.98,-69.23884
WU046.00,2023,10.4,43.98453,-69.24311
WU047.00,2023,5.7,43.97329,-69.25548
WU048.00,2023,20.2,43.95803,-69.25387
WU048.80,2023,11.7,43.95217,-69.2749
WU050.00,2023,21.7,43.94701,-69.2694
WU055.50,2023,2.9,43.93168,-69.27385
WU056.00,2023,2.3,43.94581,-69.30626
WU058.00,2023,1.9,43.92393,-69.30404
WU059.00,2023,3.3,43.91216,-69.31191
WV001.00,2023,36.1,43.93148,-69.24332
WV002.00,2023,4.1,43.93652,-69.22875
WV003.50,2023,23.5,43.94205,-69.22908
WV004.00,2023,17.4,43.94172,-69.22351
WV006.00,2023,10.8,43.93457,-69.21713
WV006.50,2023,12.9,43.93531,-69.21442
WV008.00,2023,24.9,43.95856,-69.21336
WV013.00,2023,6.2,43.96708,-69.19969
WV016.00,2023,2.4,43.97617,-69.1944
WV016.50,2023,24.8,43.98299,-69.19504
WV017.00,2023,8.5,43.98317,-69.20242
WV018.00,2023,4.2,43.98773,-69.19625
WV019.00,2023,9.5,43.99833,-69.19361
WV020.50,2023,8.1,44.00101,-69.18763
WV020.80,2023,6.9,43.99493,-69.1896
WV022.00,2023,15.1,43.99102,-69.18166
WV024.00,2023,12.4,43.99102,-69.18165
WV025.00,2023,8.4,43.99406,-69.17369
WV026.00,2023,10.2,44.00514,-69.1704
WV027.00,2023,9.9,44.00556,-69.16506
WV028.50,2023,8.1,44.00494,-69.16063
WV029.00,2023,33.1,44.00012,-69.15967
WV031.00,2023,16.9,44.00142,-69.14929
WV032.00,2023,8.8,43.99807,-69.14975
WV035.00,2023,6.8,44.00046,-69.13721
WV036.00,2023,11.5,43.99806,-69.14941
WV037.00,2023,6.1,44.0042,-69.13845
WV038.00,2023,15.5,44.00414,-69.13265
WV039.00,2023,11.7,44.0103,-69.12817
WV040.00,2023,12.5,44.00663,-69.12451
WV044.00,2023,4.5,44.00024,-69.11078
WV046.00,2023,2.2,44.00505,-69.1236
WV046.50,2023,17.1,44.01209,-69.12854
WV046.80,2023,10.8,44.02046,-69.12569
WV047.00,2023,15.3,44.02521,-69.11968
WV047.50,2023,26.2,44.03208,-69.1151
WV048.00,2023,6.3,44.03465,-69.11608
WV048.50,2023,5.3,44.03856,-69.11924
WV048.80,2023,19.8,44.03811,-69.12533
WV049.00,2023,52.9,44.03383,-69.13182
WV050.00,2023,17.8,44.04165,-69.13193
WV050.50,2023,34.8,44.05655,-69.13133
WV050.80,2023,58.1,44.06442,-69.1341
WV053.00,2023,12.8,44.05131,-69.12518
WV054.00,2023,31.6,44.05012,-69.12098
WV055.00,2023,12.2,44.04318,-69.12817
WV056.00,2023,20.0,44.04793,-69.11265
WV057.00,2023,34.2,44.04628,-69.10529
WV058.00,2023,23.4,44.04214,-69.11255
WV059.00,2023,6.4,44.03749,-69.10355
WV060.00,2023,48.0,44.03884,-69.09713
WV061.00,2023,5.7,44.04042,-69.09409
WV062.50,2023,13.4,44.05799,-69.07893
WV064.00,2023,24.1,44.06351,-69.0791
WV065.00,2023,11.6,44.06186,-69.07325
WV078.00,2023,2.5,44.00676,-69.0597
WV080.00,2023,5.4,43.9913,-69.07396
WV081.00,2023,2.2,43.98364,-69.07976
WV086.00,2023,5.4,43.995,-69.15736
WV088.00,2023,3.2,43.98844,-69.14247
WW040.00,2023,15.9,44.29106,-69.00154
WW041.00,2023,15.6,44.29556,-69.00316
WW042.00,2023,17.3,44.29837,-68.9939
WW043.00,2023,5.7,44.29952,-68.98264
WW044.00,2023,13.0,44.30337,-68.97378
WW045.00,2023,3.2,44.31575,-68.95948
WW049.00,2023,26.6,44.37156,-68.96091
WW069.00,2023,7.5,44.46205,-68.89703
WW071.00,2023,9.3,44.45982,-68.88302
WW075.00,2023,14.2,44.46051,-68.88337
WW076.00,2023,8.1,44.46445,-68.87814
WW079.00,2023,8.5,44.47971,-68.85401
WW080.00,2023,10.1,44.47809,-68.84548
WW081.00,2023,5.9,44.46877,-68.85572
WW081.50,2023,9.6,44.45639,-68.86004
WW082.00,2023,6.4,44.44927,-68.8614
WX000.50,2023,5.2,44.45142,-68.84356
WX002.00,2023,11.8,44.47083,-68.81314
WX003.00,2023,8.9,44.4826,-68.83718
WX004.00,2023,9.1,44.49419,-68.82497
WX005.00,2023,11.4,44.49668,-68.81135
WX026.00,2023,9.9,44.44727,-68.78335
WX028.00,2023,4.0,44.4356,-68.80079
WX031.00,2023,5.8,44.40454,-68.81005
WY001.00,2023,2.4,44.29074,-68.92757
WY001.50,2023,3.4,44.29494,-68.92899
WY002.00,2023,2.6,44.31461,-68.90581
WY003.00,2023,3.1,44.33265,-68.90889
WY004.00,2023,3.5,44.34256,-68.90958
WY006.00,2023,3.7,44.37847,-68.88286
WY008.00,2023,4.5,44.36973,-68.86527
WY009.50,2023,4.1,44.35039,-68.87853
WY010.00,2023,2.7,44.34125,-68.88976
WY010.50,2023,2.7,44.32838,-68.89401
WY012.00,2023,3.1,44.30728,-68.90224
WY013.00,2023,3.2,44.30524,-68.89446
WY016.00,2023,2.4,44.27451,-68.91989
WY019.00,2023,2.3,44.2321,-68.93071
WZ003.00,2023,85.8,44.05402,-68.86257
WZ004.30,2023,21.5,44.0661,-68.88153
WZ005.00,2023,9.0,44.06237,-68.8694
WZ005.90,2023,9.6,44.09162,-68.88308
WZ006.00,2023,91.5,44.09059,-68.89631
WZ007.00,2023,82.4,44.10344,-68.89638
WZ008.00,2023,46.2,44.11904,-68.86813
WZ009.00,2023,41.1,44.10285,-68.85573
WZ009.50,2023,43.3,44.1027,-68.8549
WZ010.50,2023,9.7,44.10302,-68.84468
WZ011.00,2023,59.4,44.12299,-68.84272
WZ012.00,2023,57.1,44.12257,-68.84133
WZ013.00,2023,8.6,44.10184,-68.81394
WZ014.00,2023,7.4,44.09156,-68.83145
WZ014.50,2023,23.4,44.08551,-68.84104
WZ015.00,2023,22.0,44.0753,-68.83902
WZ015.50,2023,22.0,44.0803,-68.82197
WZ016.00,2023,11.8,44.08017,-68.80648
WZ017.50,2023,7.0,44.09197,-68.79075
WZ018.00,2023,48.3,44.07762,-68.78642
WZ019.00,2023,64.2,44.05885,-68.78857
WZ020.00,2023,25.7,44.05793,-68.79611
WZ021.00,2023,11.7,44.04858,-68.80127
WZ022.00,2023,23.1,44.04764,-68.81264
WZ026.00,2023,58.5,44.13634,-68.88469
WZ027.00,2023,71.6,44.13424,-68.87846
WZ028.00,2023,9.6,44.13886,-68.87843
WZ029.00,2023,200.4,44.14701,-68.87218
WZ030.00,2023,14.9,44.13682,-68.90053
WZ031.00,2023,54.9,44.13745,-68.90252
WZ033.00,2023,17.4,44.11666,-68.9361
WZ034.00,2023,38.9,44.12227,-68.9328
WZ035.00,2023,11.1,44.13888,-68.91864
WZ038.80,2023,31.6,44.16088,-68.85958
WZ038.90,2023,29.4,44.1608,-68.8594
WZ040.00,2023,10.0,44.15698,-68.88534
WZ041.00,2023,14.8,44.1839,-68.83297
WZ042.00,2023,6.3,44.17887,-68.82256
WZ043.00,2023,5.2,44.15975,-68.81573
WZ044.00,2023,32.4,44.15438,-68.81668
WZ046.00,2023,440.7,44.15212,-68.82426
EJ027.902,2023,12.4,44.49697,-67.98007
EJ028.70,2023,12.3,44.50334,-67.98495
EJ029.40,2023,13.7,44.50067,-67.97752
EJ030.90,2023,9.3,44.4915,-67.97125
EM009.00,2023,39.8,44.61538,-67.7364
ER012.10,2023,19.1,44.69,-67.4
WL020.50,2023,25.8,43.8408,-69.92011
WN035.70,2023,11.2,43.94334,-69.72332
WJ002.51,2023,4.1,43.81479,-70.11008
WJ007.12,2023,3.8,43.82271,-70.10201
WJ009.80,2023,12.7,43.83463,-70.09473
WJ014.17,2023,18.3,43.84309,-70.08055
WJ014.31,2023,15.6,43.83666,-70.08396
WJ014.41,2023,11.3,43.83318,-70.09039
WJ014.80,2023,5.6,43.82429,-70.09788
WJ014.90,2023,6.1,43.8195,-70.10038
WJ015.50,2023,4.6,43.81407,-70.10243
WI010.70,2023,194.7,43.70765,-70.24481
WI010.80,2023,79.6,43.69755,-70.24464
WI034.10,2023,22.8,43.76287,-70.17878
WJ001.20,2023,4.6,43.8109,-70.1099
EU001.00,2023,4.1,44.90507,-67.0119
EU001.50,2023,11.6,44.90147,-67.00176
WD009.50,2023,83.5,43.2666,-70.589
WJ033.20,2023,25.0,43.86678,-69.98621
WL042.10,2023,5.3,43.86737,-69.88329
WL044.40,2023,4.4,43.8822,-69.86491
WT015.50,2023,9.3,43.99999,-69.30874
WN014.50,2023,7.9,43.8565,-69.7298
WN015.50,2023,14.9,43.8626,-69.7341
WN031.00,2023,15.5,43.88634,-69.76023
WN032.00,2023,9.1,43.90029,-69.75565
WN032.80,2023,17.0,43.9179,-69.75
WN035.60,2023,10.6,43.93189,-69.71685
WN038.00,2023,7.1,43.95024,-69.70986
WN084.10,2023,13.5,43.9086,-69.6239
WN084.30,2023,4.2,43.93181,-69.63812
EA010.00,2023,21.3,44.4602099996664,-68.732880000457
WS024.80,2023,0.0,44.0177599995875,-69.3920899996239
WS048.40,2023,6.9,44.059539999928,-69.3605600002054
WS053.00,2023,2.3,44.0199000001645,-69.3710799995555
WT019.10,2023,19.1,44.0032599998111,-69.2921800002649
WU012.00,2023,28.0,43.9913899998362,-69.2588300006146
EB008.60,2023,8.7,44.3204999999602,-68.7228900006058
EC017.80,2023,20.3,44.2157200002201,-68.6725400002045
EE001.20,2023,8.2,44.1644199996588,-68.4385500002206
EF022.00,2023,21.9,44.4158000002179,-68.5217099998381
EI070.48,2023,5.1,44.5610699995577,-68.2930799998092
EI070.49,2023,13.4,44.562910000153,-68.2916899997065
EJ024.20,2023,5.6,44.4550000002654,-68.0041600003742
EJ024.70,2023,7.4,44.4469999999637,-68.0141600004247
EK003.10,2023,8.2,44.4493400002726,-67.9291900000977
EK005.10,2023,16.1,44.4701700003562,-67.9232800000796
EK006.30,2023,19.1,44.4865099998094,-67.9097299997674
EL047.20,2023,21.5,44.5443800000244,-67.8037899994245
ET011.10,2023,19.0,44.8645399999786,-67.0136300005881
WR010.50,2023,2.3,43.8865000000229,-69.556299999766
WY013.20,2023,4.5,44.2962599996845,-68.8934300000066
WY013.70,2023,3.1,44.2753100002754,-68.9053700002383
WZ056.00,2023,1.9,44.040080000239,-68.890990000008
WZ057.00,2023,1.9,44.0361800000675,-68.8861599996936
EG033.90,2023,14.8,44.2595700001287,-68.3971600001048
EN012.00,2023,65.6,44.5635199996068,-67.6527300004967
EP014.50,2023,3.1,44.6395099997952,-67.5550399998149
EP018.50,2023,10.6,44.6399399997956,-67.5439400006131
ER047.50,2023,21.8,44.7082399997156,-67.3099300001632
ER050.00,2023,30.3,44.7017299996198,-67.2996799997295
WD013.60,2023,32.8,43.3030600003333,-70.5690099994086
ES017.10,2023,9.1,44.7723099997869,-67.0578899997595
ES005.10,2023,18.8,44.6646199997452,-67.2411799999625
EM012.50,2023,6.1,44.5374399995908,-67.7493500002484
WU017.80,2023,6.7,44.0149899996596,-69.2400100005674
EE014.50,2023,6.5,44.17352,-68.46957
EE017.30,2023,15.6,44.16214,-68.45124
EF001.80,2023,15.2,44.26923,-68.55607
EF022.91,2023,19.6,44.41446,-68.51674
EH023.70,2023,11.5,44.29395,-68.31489
EI074.20,2023,31.0,44.57099,-68.2256
WK016.50,2023,2.9,43.82614,-69.93381
WM004.75,2023,14.3,43.758,-69.798
WN088.00,2023,20.1,43.88088,-69.67611
